{"0.5212399430499868":{"user_id":2},"0.8707090689204784":{"user_id":2},"0.6412010266744759":{"user_id":2},"0.7276275309531972":{"user_id":2},"0.552330354964605":{"user_id":2},"0.32521861339617475":{"user_id":2}}